{
  "accuracy": 0.9903846153846154,
  "classification_report": {
    "0": {
      "precision": 0.9705882352941176,
      "recall": 1.0,
      "f1-score": 0.9850746268656716,
      "support": 33.0
    },
    "1": {
      "precision": 1.0,
      "recall": 0.9859154929577465,
      "f1-score": 0.9929078014184397,
      "support": 71.0
    },
    "accuracy": 0.9903846153846154,
    "macro avg": {
      "precision": 0.9852941176470589,
      "recall": 0.9929577464788732,
      "f1-score": 0.9889912141420556,
      "support": 104.0
    },
    "weighted avg": {
      "precision": 0.9906674208144797,
      "recall": 0.9903846153846154,
      "f1-score": 0.9904222748776574,
      "support": 104.0
    }
  }
}