{
  "accuracy": 0.8557692307692307,
  "classification_report": {
    "0": {
      "precision": 0.7368421052631579,
      "recall": 0.8484848484848485,
      "f1-score": 0.7887323943661971,
      "support": 33.0
    },
    "1": {
      "precision": 0.9242424242424242,
      "recall": 0.8591549295774648,
      "f1-score": 0.8905109489051095,
      "support": 71.0
    },
    "accuracy": 0.8557692307692307,
    "macro avg": {
      "precision": 0.830542264752791,
      "recall": 0.8538198890311566,
      "f1-score": 0.8396216716356533,
      "support": 104.0
    },
    "weighted avg": {
      "precision": 0.8647788614893878,
      "recall": 0.8557692307692307,
      "f1-score": 0.8582158306379546,
      "support": 104.0
    }
  }
}