{
  "accuracy": 0.9615384615384616,
  "classification_report": {
    "0": {
      "precision": 0.8918918918918919,
      "recall": 1.0,
      "f1-score": 0.9428571428571428,
      "support": 33.0
    },
    "1": {
      "precision": 1.0,
      "recall": 0.9436619718309859,
      "f1-score": 0.9710144927536232,
      "support": 71.0
    },
    "accuracy": 0.9615384615384616,
    "macro avg": {
      "precision": 0.9459459459459459,
      "recall": 0.971830985915493,
      "f1-score": 0.9569358178053831,
      "support": 104.0
    },
    "weighted avg": {
      "precision": 0.9656964656964657,
      "recall": 0.9615384615384616,
      "f1-score": 0.9620799490364708,
      "support": 104.0
    }
  }
}