{
  "accuracy": 0.8365384615384616,
  "classification_report": {
    "0": {
      "precision": 0.7,
      "recall": 0.8484848484848485,
      "f1-score": 0.7671232876712328,
      "support": 33.0
    },
    "1": {
      "precision": 0.921875,
      "recall": 0.8309859154929577,
      "f1-score": 0.8740740740740741,
      "support": 71.0
    },
    "accuracy": 0.8365384615384616,
    "macro avg": {
      "precision": 0.8109375,
      "recall": 0.8397353819889031,
      "f1-score": 0.8205986808726535,
      "support": 104.0
    },
    "weighted avg": {
      "precision": 0.8514723557692307,
      "recall": 0.8365384615384616,
      "f1-score": 0.8401377668500957,
      "support": 104.0
    }
  }
}