{
  "accuracy": 0.8269230769230769,
  "classification_report": {
    "0": {
      "precision": 0.6595744680851063,
      "recall": 0.9393939393939394,
      "f1-score": 0.775,
      "support": 33.0
    },
    "1": {
      "precision": 0.9649122807017544,
      "recall": 0.7746478873239436,
      "f1-score": 0.859375,
      "support": 71.0
    },
    "accuracy": 0.8269230769230769,
    "macro avg": {
      "precision": 0.8122433743934303,
      "recall": 0.8570209133589415,
      "f1-score": 0.8171875,
      "support": 104.0
    },
    "weighted avg": {
      "precision": 0.8680262440060873,
      "recall": 0.8269230769230769,
      "f1-score": 0.8326021634615385,
      "support": 104.0
    }
  }
}