{
  "accuracy": 0.9326923076923077,
  "classification_report": {
    "0": {
      "precision": 0.8823529411764706,
      "recall": 0.9090909090909091,
      "f1-score": 0.8955223880597015,
      "support": 33.0
    },
    "1": {
      "precision": 0.9571428571428572,
      "recall": 0.9436619718309859,
      "f1-score": 0.950354609929078,
      "support": 71.0
    },
    "accuracy": 0.9326923076923077,
    "macro avg": {
      "precision": 0.9197478991596639,
      "recall": 0.9263764404609475,
      "f1-score": 0.9229384989943898,
      "support": 104.0
    },
    "weighted avg": {
      "precision": 0.9334114414996768,
      "recall": 0.9326923076923077,
      "f1-score": 0.9329559241436028,
      "support": 104.0
    }
  }
}