{
  "accuracy": 0.9230769230769231,
  "classification_report": {
    "0": {
      "precision": 0.8048780487804879,
      "recall": 1.0,
      "f1-score": 0.8918918918918919,
      "support": 33.0
    },
    "1": {
      "precision": 1.0,
      "recall": 0.8873239436619719,
      "f1-score": 0.9402985074626866,
      "support": 71.0
    },
    "accuracy": 0.9230769230769231,
    "macro avg": {
      "precision": 0.9024390243902439,
      "recall": 0.943661971830986,
      "f1-score": 0.9160951996772893,
      "support": 104.0
    },
    "weighted avg": {
      "precision": 0.9380863039399625,
      "recall": 0.9230769230769231,
      "f1-score": 0.9249387159834922,
      "support": 104.0
    }
  }
}