{
  "accuracy": 0.7662337662337663,
  "classification_report": {
    "0": {
      "precision": 0.8315789473684211,
      "recall": 0.797979797979798,
      "f1-score": 0.8144329896907216,
      "support": 99.0
    },
    "1": {
      "precision": 0.6610169491525424,
      "recall": 0.7090909090909091,
      "f1-score": 0.6842105263157895,
      "support": 55.0
    },
    "accuracy": 0.7662337662337663,
    "macro avg": {
      "precision": 0.7462979482604817,
      "recall": 0.7535353535353535,
      "f1-score": 0.7493217580032556,
      "support": 154.0
    },
    "weighted avg": {
      "precision": 0.7706639480056073,
      "recall": 0.7662337662337663,
      "f1-score": 0.7679249670568173,
      "support": 154.0
    }
  }
}