{
  "accuracy": 0.6753246753246753,
  "classification_report": {
    "0": {
      "precision": 0.7692307692307693,
      "recall": 0.7070707070707071,
      "f1-score": 0.7368421052631579,
      "support": 99.0
    },
    "1": {
      "precision": 0.5396825396825397,
      "recall": 0.6181818181818182,
      "f1-score": 0.576271186440678,
      "support": 55.0
    },
    "accuracy": 0.6753246753246753,
    "macro avg": {
      "precision": 0.6544566544566545,
      "recall": 0.6626262626262627,
      "f1-score": 0.6565566458519179,
      "support": 154.0
    },
    "weighted avg": {
      "precision": 0.6872492586778302,
      "recall": 0.6753246753246753,
      "f1-score": 0.6794953485408436,
      "support": 154.0
    }
  }
}