{
  "accuracy": 0.6688311688311688,
  "classification_report": {
    "0": {
      "precision": 0.8076923076923077,
      "recall": 0.6363636363636364,
      "f1-score": 0.711864406779661,
      "support": 99.0
    },
    "1": {
      "precision": 0.5263157894736842,
      "recall": 0.7272727272727273,
      "f1-score": 0.6106870229007634,
      "support": 55.0
    },
    "accuracy": 0.6688311688311688,
    "macro avg": {
      "precision": 0.667004048582996,
      "recall": 0.6818181818181819,
      "f1-score": 0.6612757148402122,
      "support": 154.0
    },
    "weighted avg": {
      "precision": 0.7072006940427993,
      "recall": 0.6688311688311688,
      "f1-score": 0.6757296268229118,
      "support": 154.0
    }
  }
}