{
  "accuracy": 0.7142857142857143,
  "classification_report": {
    "0": {
      "precision": 0.8235294117647058,
      "recall": 0.7070707070707071,
      "f1-score": 0.7608695652173914,
      "support": 99.0
    },
    "1": {
      "precision": 0.5797101449275363,
      "recall": 0.7272727272727273,
      "f1-score": 0.6451612903225806,
      "support": 55.0
    },
    "accuracy": 0.7142857142857143,
    "macro avg": {
      "precision": 0.7016197783461211,
      "recall": 0.7171717171717171,
      "f1-score": 0.703015427769986,
      "support": 154.0
    },
    "weighted avg": {
      "precision": 0.7364511021800025,
      "recall": 0.7142857142857143,
      "f1-score": 0.7195451813263876,
      "support": 154.0
    }
  }
}