{
  "accuracy": 0.7402597402597403,
  "classification_report": {
    "0": {
      "precision": 0.797979797979798,
      "recall": 0.797979797979798,
      "f1-score": 0.797979797979798,
      "support": 99.0
    },
    "1": {
      "precision": 0.6363636363636364,
      "recall": 0.6363636363636364,
      "f1-score": 0.6363636363636364,
      "support": 55.0
    },
    "accuracy": 0.7402597402597403,
    "macro avg": {
      "precision": 0.7171717171717171,
      "recall": 0.7171717171717171,
      "f1-score": 0.7171717171717171,
      "support": 154.0
    },
    "weighted avg": {
      "precision": 0.7402597402597403,
      "recall": 0.7402597402597403,
      "f1-score": 0.7402597402597403,
      "support": 154.0
    }
  }
}