{
  "accuracy": 0.6558441558441559,
  "classification_report": {
    "0": {
      "precision": 0.7346938775510204,
      "recall": 0.7272727272727273,
      "f1-score": 0.7309644670050761,
      "support": 99.0
    },
    "1": {
      "precision": 0.5178571428571429,
      "recall": 0.5272727272727272,
      "f1-score": 0.5225225225225225,
      "support": 55.0
    },
    "accuracy": 0.6558441558441559,
    "macro avg": {
      "precision": 0.6262755102040817,
      "recall": 0.6272727272727272,
      "f1-score": 0.6267434947637993,
      "support": 154.0
    },
    "weighted avg": {
      "precision": 0.6572521865889214,
      "recall": 0.6558441558441559,
      "f1-score": 0.6565209154041641,
      "support": 154.0
    }
  }
}