{
  "accuracy": 0.7597402597402597,
  "classification_report": {
    "0": {
      "precision": 0.7924528301886793,
      "recall": 0.8484848484848485,
      "f1-score": 0.8195121951219512,
      "support": 99.0
    },
    "1": {
      "precision": 0.6875,
      "recall": 0.6,
      "f1-score": 0.6407766990291263,
      "support": 55.0
    },
    "accuracy": 0.7597402597402597,
    "macro avg": {
      "precision": 0.7399764150943396,
      "recall": 0.7242424242424242,
      "f1-score": 0.7301444470755387,
      "support": 154.0
    },
    "weighted avg": {
      "precision": 0.7549696765498652,
      "recall": 0.7597402597402597,
      "f1-score": 0.7556780893745136,
      "support": 154.0
    }
  }
}