{
  "accuracy": 0.6948051948051948,
  "classification_report": {
    "0": {
      "precision": 0.825,
      "recall": 0.6666666666666666,
      "f1-score": 0.7374301675977654,
      "support": 99.0
    },
    "1": {
      "precision": 0.5540540540540541,
      "recall": 0.7454545454545455,
      "f1-score": 0.6356589147286822,
      "support": 55.0
    },
    "accuracy": 0.6948051948051948,
    "macro avg": {
      "precision": 0.6895270270270271,
      "recall": 0.706060606060606,
      "f1-score": 0.6865445411632238,
      "support": 154.0
    },
    "weighted avg": {
      "precision": 0.7282335907335907,
      "recall": 0.6948051948051948,
      "f1-score": 0.7010832915730928,
      "support": 154.0
    }
  }
}