{
  "accuracy": 0.7532467532467533,
  "classification_report": {
    "0": {
      "precision": 0.8351648351648352,
      "recall": 0.7676767676767676,
      "f1-score": 0.8,
      "support": 99.0
    },
    "1": {
      "precision": 0.6349206349206349,
      "recall": 0.7272727272727273,
      "f1-score": 0.6779661016949152,
      "support": 55.0
    },
    "accuracy": 0.7532467532467533,
    "macro avg": {
      "precision": 0.7350427350427351,
      "recall": 0.7474747474747474,
      "f1-score": 0.7389830508474576,
      "support": 154.0
    },
    "weighted avg": {
      "precision": 0.763649049363335,
      "recall": 0.7532467532467533,
      "f1-score": 0.7564164648910411,
      "support": 154.0
    }
  }
}