{
  "accuracy": 0.6948051948051948,
  "classification_report": {
    "0": {
      "precision": 0.8170731707317073,
      "recall": 0.6767676767676768,
      "f1-score": 0.7403314917127072,
      "support": 99.0
    },
    "1": {
      "precision": 0.5555555555555556,
      "recall": 0.7272727272727273,
      "f1-score": 0.6299212598425197,
      "support": 55.0
    },
    "accuracy": 0.6948051948051948,
    "macro avg": {
      "precision": 0.6863143631436315,
      "recall": 0.702020202020202,
      "f1-score": 0.6851263757776134,
      "support": 154.0
    },
    "weighted avg": {
      "precision": 0.7236740224545103,
      "recall": 0.6948051948051948,
      "f1-score": 0.7008992660447831,
      "support": 154.0
    }
  }
}