{
  "accuracy": 0.7402597402597403,
  "classification_report": {
    "0": {
      "precision": 0.8105263157894737,
      "recall": 0.7777777777777778,
      "f1-score": 0.7938144329896907,
      "support": 99.0
    },
    "1": {
      "precision": 0.6271186440677966,
      "recall": 0.6727272727272727,
      "f1-score": 0.6491228070175439,
      "support": 55.0
    },
    "accuracy": 0.7402597402597403,
    "macro avg": {
      "precision": 0.7188224799286351,
      "recall": 0.7252525252525253,
      "f1-score": 0.7214686200036173,
      "support": 154.0
    },
    "weighted avg": {
      "precision": 0.7450235758888748,
      "recall": 0.7402597402597403,
      "f1-score": 0.7421388522853525,
      "support": 154.0
    }
  }
}