{
  "accuracy": 0.9230769230769231,
  "classification_report": {
    "0": {
      "precision": 0.8787878787878788,
      "recall": 0.8787878787878788,
      "f1-score": 0.8787878787878788,
      "support": 33.0
    },
    "1": {
      "precision": 0.9436619718309859,
      "recall": 0.9436619718309859,
      "f1-score": 0.9436619718309859,
      "support": 71.0
    },
    "accuracy": 0.9230769230769231,
    "macro avg": {
      "precision": 0.9112249253094323,
      "recall": 0.9112249253094323,
      "f1-score": 0.9112249253094323,
      "support": 104.0
    },
    "weighted avg": {
      "precision": 0.9230769230769231,
      "recall": 0.9230769230769231,
      "f1-score": 0.9230769230769231,
      "support": 104.0
    }
  }
}