{
  "accuracy": 0.875,
  "classification_report": {
    "0": {
      "precision": 0.7380952380952381,
      "recall": 0.9393939393939394,
      "f1-score": 0.8266666666666667,
      "support": 33.0
    },
    "1": {
      "precision": 0.967741935483871,
      "recall": 0.8450704225352113,
      "f1-score": 0.9022556390977443,
      "support": 71.0
    },
    "accuracy": 0.875,
    "macro avg": {
      "precision": 0.8529185867895546,
      "recall": 0.8922321809645753,
      "f1-score": 0.8644611528822055,
      "support": 104.0
    },
    "weighted avg": {
      "precision": 0.894873271889401,
      "recall": 0.875,
      "f1-score": 0.8782706766917292,
      "support": 104.0
    }
  }
}