{
    "main_attack_rate": {
        "main_attack_rate_value": 0.9265520932583385,
        "main_attack_rate_error": 0.04674136110632696
    },
    "baseline_attack_rate": {
        "baseline_attack_rate_value": 0.23108672381539525,
        "baseline_attack_rate_error": 0.07895730440690675
    },
    "control_attack_rate": {
        "control_attack_rate_value": 0.7596404045920322,
        "control_attack_rate_error": 0.08009552071199844
    },
    "n_neighbors_7_risk": {
        "n_neighbors_7_risk_value": 0.7261227648181915,
        "n_neighbors_7_risk_ci_lower": 0.532227695467935,
        "n_neighbors_7_risk_ci_upper": 0.920017834168448
    }
}