{
    "main_attack_rate": {
        "main_attack_rate_value": 0.3145425681485485,
        "main_attack_rate_error": 0.08737795420691087
    },
    "baseline_attack_rate": {
        "baseline_attack_rate_value": 0.2125409806302501,
        "baseline_attack_rate_error": 0.07650572792730323
    },
    "control_attack_rate": {
        "control_attack_rate_value": 0.258905338593113,
        "control_attack_rate_error": 0.08220893503928098
    },
    "n_neighbors_7_risk": {
        "n_neighbors_7_risk_value": 0.08428085255661702,
        "n_neighbors_7_risk_ci_lower": 0.0,
        "n_neighbors_7_risk_ci_upper": 0.18863790642370365
    }
}