{
    "main_attack_rate": {
        "main_attack_rate_value": 0.023659683421545074,
        "main_attack_rate_error": 0.012760499825334266
    },
    "baseline_attack_rate": {
        "baseline_attack_rate_value": 0.0038121702307761206,
        "baseline_attack_rate_error": 0.00381217023077612
    },
    "control_attack_rate": {
        "control_attack_rate_value": 0.00882368481758331,
        "control_attack_rate_error": 0.007249081092826045
    },
    "univariate_risk": {
        "univariate_risk_risk_value": 0.01496807215498419,
        "univariate_risk_ci_lower": 0.0002153757675271012,
        "univariate_risk_ci_upper": 0.029720768542441277
    }
}