{
  "accuracy": 0.8076923076923077,
  "classification_report": {
    "0": {
      "precision": 0.6326530612244898,
      "recall": 0.9393939393939394,
      "f1-score": 0.7560975609756098,
      "support": 33.0
    },
    "1": {
      "precision": 0.9636363636363636,
      "recall": 0.7464788732394366,
      "f1-score": 0.8412698412698413,
      "support": 71.0
    },
    "accuracy": 0.8076923076923077,
    "macro avg": {
      "precision": 0.7981447124304267,
      "recall": 0.842936406316688,
      "f1-score": 0.7986837011227255,
      "support": 104.0
    },
    "weighted avg": {
      "precision": 0.8586128157556729,
      "recall": 0.8076923076923077,
      "f1-score": 0.8142440215610947,
      "support": 104.0
    }
  }
}