{
  "accuracy": 0.9807692307692307,
  "classification_report": {
    "0": {
      "precision": 0.9428571428571428,
      "recall": 1.0,
      "f1-score": 0.9705882352941176,
      "support": 33.0
    },
    "1": {
      "precision": 1.0,
      "recall": 0.971830985915493,
      "f1-score": 0.9857142857142858,
      "support": 71.0
    },
    "accuracy": 0.9807692307692307,
    "macro avg": {
      "precision": 0.9714285714285714,
      "recall": 0.9859154929577465,
      "f1-score": 0.9781512605042018,
      "support": 104.0
    },
    "weighted avg": {
      "precision": 0.9818681318681318,
      "recall": 0.9807692307692307,
      "f1-score": 0.9809146735617325,
      "support": 104.0
    }
  }
}