{
  "accuracy": 0.9134615384615384,
  "classification_report": {
    "0": {
      "precision": 0.875,
      "recall": 0.8484848484848485,
      "f1-score": 0.8615384615384616,
      "support": 33.0
    },
    "1": {
      "precision": 0.9305555555555556,
      "recall": 0.9436619718309859,
      "f1-score": 0.9370629370629371,
      "support": 71.0
    },
    "accuracy": 0.9134615384615384,
    "macro avg": {
      "precision": 0.9027777777777778,
      "recall": 0.8960734101579172,
      "f1-score": 0.8993006993006993,
      "support": 104.0
    },
    "weighted avg": {
      "precision": 0.9129273504273504,
      "recall": 0.9134615384615384,
      "f1-score": 0.913098440021517,
      "support": 104.0
    }
  }
}