{
  "accuracy": 0.9230769230769231,
  "classification_report": {
    "0": {
      "precision": 0.8378378378378378,
      "recall": 0.9393939393939394,
      "f1-score": 0.8857142857142857,
      "support": 33.0
    },
    "1": {
      "precision": 0.9701492537313433,
      "recall": 0.9154929577464789,
      "f1-score": 0.9420289855072463,
      "support": 71.0
    },
    "accuracy": 0.9230769230769231,
    "macro avg": {
      "precision": 0.9039935457845906,
      "recall": 0.9274434485702092,
      "f1-score": 0.913871635610766,
      "support": 104.0
    },
    "weighted avg": {
      "precision": 0.9281658236882117,
      "recall": 0.9230769230769231,
      "f1-score": 0.9241598980729415,
      "support": 104.0
    }
  }
}