{
  "accuracy": 0.7980769230769231,
  "classification_report": {
    "0": {
      "precision": 0.62,
      "recall": 0.9393939393939394,
      "f1-score": 0.7469879518072289,
      "support": 33.0
    },
    "1": {
      "precision": 0.9629629629629629,
      "recall": 0.7323943661971831,
      "f1-score": 0.832,
      "support": 71.0
    },
    "accuracy": 0.7980769230769231,
    "macro avg": {
      "precision": 0.7914814814814815,
      "recall": 0.8358941527955612,
      "f1-score": 0.7894939759036144,
      "support": 104.0
    },
    "weighted avg": {
      "precision": 0.8541381766381766,
      "recall": 0.7980769230769231,
      "f1-score": 0.8050250231696013,
      "support": 104.0
    }
  }
}