{
  "accuracy": 0.875,
  "classification_report": {
    "0": {
      "precision": 0.7777777777777778,
      "recall": 0.8484848484848485,
      "f1-score": 0.8115942028985508,
      "support": 33.0
    },
    "1": {
      "precision": 0.9264705882352942,
      "recall": 0.8873239436619719,
      "f1-score": 0.9064748201438849,
      "support": 71.0
    },
    "accuracy": 0.875,
    "macro avg": {
      "precision": 0.852124183006536,
      "recall": 0.8679043960734102,
      "f1-score": 0.8590345115212179,
      "support": 104.0
    },
    "weighted avg": {
      "precision": 0.8792892156862746,
      "recall": 0.875,
      "f1-score": 0.8763684704410385,
      "support": 104.0
    }
  }
}