{
  "accuracy": 0.9134615384615384,
  "classification_report": {
    "0": {
      "precision": 0.8857142857142857,
      "recall": 0.8611111111111112,
      "f1-score": 0.8732394366197183,
      "support": 36.0
    },
    "1": {
      "precision": 0.927536231884058,
      "recall": 0.9411764705882353,
      "f1-score": 0.9343065693430657,
      "support": 68.0
    },
    "accuracy": 0.9134615384615384,
    "macro avg": {
      "precision": 0.9066252587991719,
      "recall": 0.9011437908496732,
      "f1-score": 0.903773002981392,
      "support": 104.0
    },
    "weighted avg": {
      "precision": 0.9130594043637523,
      "recall": 0.9134615384615384,
      "f1-score": 0.9131679464772916,
      "support": 104.0
    }
  }
}