{
  "accuracy": 0.8846153846153846,
  "classification_report": {
    "0": {
      "precision": 0.825,
      "recall": 0.868421052631579,
      "f1-score": 0.8461538461538461,
      "support": 38.0
    },
    "1": {
      "precision": 0.921875,
      "recall": 0.8939393939393939,
      "f1-score": 0.9076923076923077,
      "support": 66.0
    },
    "accuracy": 0.8846153846153846,
    "macro avg": {
      "precision": 0.8734375,
      "recall": 0.8811802232854864,
      "f1-score": 0.8769230769230769,
      "support": 104.0
    },
    "weighted avg": {
      "precision": 0.8864783653846153,
      "recall": 0.8846153846153846,
      "f1-score": 0.8852071005917159,
      "support": 104.0
    }
  }
}