{
  "accuracy": 0.7019230769230769,
  "classification_report": {
    "0": {
      "precision": 0.574468085106383,
      "recall": 0.7105263157894737,
      "f1-score": 0.6352941176470588,
      "support": 38.0
    },
    "1": {
      "precision": 0.8070175438596491,
      "recall": 0.696969696969697,
      "f1-score": 0.7479674796747967,
      "support": 66.0
    },
    "accuracy": 0.7019230769230769,
    "macro avg": {
      "precision": 0.6907428144830161,
      "recall": 0.7037480063795853,
      "f1-score": 0.6916307986609278,
      "support": 104.0
    },
    "weighted avg": {
      "precision": 0.7220475493151866,
      "recall": 0.7019230769230769,
      "f1-score": 0.7067983666262001,
      "support": 104.0
    }
  }
}