{
  "accuracy": 0.8942307692307693,
  "classification_report": {
    "0": {
      "precision": 0.775,
      "recall": 0.9393939393939394,
      "f1-score": 0.8493150684931506,
      "support": 33.0
    },
    "1": {
      "precision": 0.96875,
      "recall": 0.8732394366197183,
      "f1-score": 0.9185185185185185,
      "support": 71.0
    },
    "accuracy": 0.8942307692307693,
    "macro avg": {
      "precision": 0.871875,
      "recall": 0.9063166880068289,
      "f1-score": 0.8839167935058345,
      "support": 104.0
    },
    "weighted avg": {
      "precision": 0.9072716346153846,
      "recall": 0.8942307692307693,
      "f1-score": 0.8965597314912384,
      "support": 104.0
    }
  }
}