{
  "accuracy": 0.9711538461538461,
  "classification_report": {
    "0": {
      "precision": 0.926829268292683,
      "recall": 1.0,
      "f1-score": 0.9620253164556962,
      "support": 38.0
    },
    "1": {
      "precision": 1.0,
      "recall": 0.9545454545454546,
      "f1-score": 0.9767441860465116,
      "support": 66.0
    },
    "accuracy": 0.9711538461538461,
    "macro avg": {
      "precision": 0.9634146341463414,
      "recall": 0.9772727272727273,
      "f1-score": 0.9693847512511039,
      "support": 104.0
    },
    "weighted avg": {
      "precision": 0.973264540337711,
      "recall": 0.9711538461538461,
      "f1-score": 0.9713661375421752,
      "support": 104.0
    }
  }
}