{
  "accuracy": 0.8076923076923077,
  "classification_report": {
    "0": {
      "precision": 0.6444444444444445,
      "recall": 0.8787878787878788,
      "f1-score": 0.7435897435897436,
      "support": 33.0
    },
    "1": {
      "precision": 0.9322033898305084,
      "recall": 0.7746478873239436,
      "f1-score": 0.8461538461538461,
      "support": 71.0
    },
    "accuracy": 0.8076923076923077,
    "macro avg": {
      "precision": 0.7883239171374765,
      "recall": 0.8267178830559112,
      "f1-score": 0.7948717948717949,
      "support": 104.0
    },
    "weighted avg": {
      "precision": 0.8408952629291613,
      "recall": 0.8076923076923077,
      "f1-score": 0.8136094674556212,
      "support": 104.0
    }
  }
}