{
  "accuracy": 0.8557692307692307,
  "classification_report": {
    "0": {
      "precision": 0.7333333333333333,
      "recall": 0.9166666666666666,
      "f1-score": 0.8148148148148148,
      "support": 36.0
    },
    "1": {
      "precision": 0.9491525423728814,
      "recall": 0.8235294117647058,
      "f1-score": 0.8818897637795275,
      "support": 68.0
    },
    "accuracy": 0.8557692307692307,
    "macro avg": {
      "precision": 0.8412429378531073,
      "recall": 0.8700980392156863,
      "f1-score": 0.8483522892971711,
      "support": 104.0
    },
    "weighted avg": {
      "precision": 0.8744458930899609,
      "recall": 0.8557692307692307,
      "f1-score": 0.8586715122148193,
      "support": 104.0
    }
  }
}