{
  "accuracy": 0.9134615384615384,
  "classification_report": {
    "0": {
      "precision": 0.8157894736842105,
      "recall": 0.9393939393939394,
      "f1-score": 0.8732394366197183,
      "support": 33.0
    },
    "1": {
      "precision": 0.9696969696969697,
      "recall": 0.9014084507042254,
      "f1-score": 0.9343065693430657,
      "support": 71.0
    },
    "accuracy": 0.9134615384615384,
    "macro avg": {
      "precision": 0.8927432216905902,
      "recall": 0.9204011950490825,
      "f1-score": 0.903773002981392,
      "support": 104.0
    },
    "weighted avg": {
      "precision": 0.9208609373083056,
      "recall": 0.9134615384615384,
      "f1-score": 0.9149294983827728,
      "support": 104.0
    }
  }
}