{
  "accuracy": 0.9326923076923077,
  "classification_report": {
    "0": {
      "precision": 0.8611111111111112,
      "recall": 0.9393939393939394,
      "f1-score": 0.8985507246376812,
      "support": 33.0
    },
    "1": {
      "precision": 0.9705882352941176,
      "recall": 0.9295774647887324,
      "f1-score": 0.9496402877697842,
      "support": 71.0
    },
    "accuracy": 0.9326923076923077,
    "macro avg": {
      "precision": 0.9158496732026145,
      "recall": 0.934485702091336,
      "f1-score": 0.9240955062037326,
      "support": 104.0
    },
    "weighted avg": {
      "precision": 0.9358503016591252,
      "recall": 0.9326923076923077,
      "f1-score": 0.9334291763913285,
      "support": 104.0
    }
  }
}