{
  "accuracy": 0.9604,
  "classification_report": {
    "0": {
      "precision": 0.963208046585495,
      "recall": 0.99469713535972,
      "f1-score": 0.9786993706632241,
      "support": 18292.0
    },
    "1": {
      "precision": 0.9126126126126126,
      "recall": 0.5930913348946136,
      "f1-score": 0.7189496096522356,
      "support": 1708.0
    },
    "accuracy": 0.9604,
    "macro avg": {
      "precision": 0.9379103295990538,
      "recall": 0.7938942351271668,
      "f1-score": 0.8488244901577299,
      "support": 20000.0
    },
    "weighted avg": {
      "precision": 0.9588871965242107,
      "recall": 0.9604,
      "f1-score": 0.9565167410728856,
      "support": 20000.0
    }
  }
}