{
  "accuracy": 0.91275,
  "classification_report": {
    "0": {
      "precision": 0.9821667929366513,
      "recall": 0.9213317297179094,
      "f1-score": 0.9507771289949508,
      "support": 18292.0
    },
    "1": {
      "precision": 0.4934882083773319,
      "recall": 0.8208430913348946,
      "f1-score": 0.6163992086172785,
      "support": 1708.0
    },
    "accuracy": 0.91275,
    "macro avg": {
      "precision": 0.7378275006569917,
      "recall": 0.871087410526402,
      "f1-score": 0.7835881688061146,
      "support": 20000.0
    },
    "weighted avg": {
      "precision": 0.9404336418152854,
      "recall": 0.91275,
      "f1-score": 0.9222212545946977,
      "support": 20000.0
    }
  }
}