{
  "accuracy": 0.97045,
  "classification_report": {
    "0": {
      "precision": 0.9716493471889155,
      "recall": 0.9967745462497266,
      "f1-score": 0.9840515961896538,
      "support": 18292.0
    },
    "1": {
      "precision": 0.9522267206477733,
      "recall": 0.6885245901639344,
      "f1-score": 0.799184505606524,
      "support": 1708.0
    },
    "accuracy": 0.97045,
    "macro avg": {
      "precision": 0.9619380339183443,
      "recall": 0.8426495682068305,
      "f1-score": 0.8916180508980889,
      "support": 20000.0
    },
    "weighted avg": {
      "precision": 0.9699906548823021,
      "recall": 0.97045,
      "f1-score": 0.9682639466538545,
      "support": 20000.0
    }
  }
}