{
  "accuracy": 0.906,
  "classification_report": {
    "0": {
      "precision": 0.9652454926862456,
      "recall": 0.9307347474305707,
      "f1-score": 0.9476760367381019,
      "support": 18292.0
    },
    "1": {
      "precision": 0.4635901778154107,
      "recall": 0.6411007025761124,
      "f1-score": 0.538083538083538,
      "support": 1708.0
    },
    "accuracy": 0.906,
    "macro avg": {
      "precision": 0.7144178352508281,
      "recall": 0.7859177250033416,
      "f1-score": 0.74287978741082,
      "support": 20000.0
    },
    "weighted avg": {
      "precision": 0.9224041287962762,
      "recall": 0.906,
      "f1-score": 0.912696837353002,
      "support": 20000.0
    }
  }
}