{
  "accuracy": 0.8855,
  "classification_report": {
    "0": {
      "precision": 0.9910999263442181,
      "recall": 0.8827356221298929,
      "f1-score": 0.9337844089752487,
      "support": 18292.0
    },
    "1": {
      "precision": 0.4215210355987055,
      "recall": 0.9151053864168618,
      "f1-score": 0.577178729689808,
      "support": 1708.0
    },
    "accuracy": 0.8855,
    "macro avg": {
      "precision": 0.7063104809714618,
      "recall": 0.8989205042733773,
      "f1-score": 0.7554815693325283,
      "support": 20000.0
    },
    "weighted avg": {
      "precision": 0.9424578890745513,
      "recall": 0.8855,
      "f1-score": 0.9033302839642722,
      "support": 20000.0
    }
  }
}