{
  "accuracy": 0.90845,
  "classification_report": {
    "0": {
      "precision": 0.9654996889316215,
      "recall": 0.9332495079816313,
      "f1-score": 0.9491007144247074,
      "support": 18292.0
    },
    "1": {
      "precision": 0.47347994825355755,
      "recall": 0.6428571428571429,
      "f1-score": 0.5453190961013161,
      "support": 1708.0
    },
    "accuracy": 0.90845,
    "macro avg": {
      "precision": 0.7194898185925895,
      "recall": 0.7880533254193871,
      "f1-score": 0.7472099052630118,
      "support": 20000.0
    },
    "weighted avg": {
      "precision": 0.9234812030777148,
      "recall": 0.90845,
      "f1-score": 0.9146177642198898,
      "support": 20000.0
    }
  }
}