{
  "accuracy": 0.96065,
  "classification_report": {
    "0": {
      "precision": 0.9651873505182036,
      "recall": 0.9927837305926088,
      "f1-score": 0.9787910636807071,
      "support": 18292.0
    },
    "1": {
      "precision": 0.8886075949367088,
      "recall": 0.6165105386416861,
      "f1-score": 0.7279640511579675,
      "support": 1708.0
    },
    "accuracy": 0.96065,
    "macro avg": {
      "precision": 0.9268974727274562,
      "recall": 0.8046471346171475,
      "f1-score": 0.8533775574193373,
      "support": 20000.0
    },
    "weighted avg": {
      "precision": 0.958647439391544,
      "recall": 0.96065,
      "f1-score": 0.9573704368112651,
      "support": 20000.0
    }
  }
}