{
  "accuracy": 0.9695,
  "classification_report": {
    "0": {
      "precision": 0.9719227073769616,
      "recall": 0.9954078285589328,
      "f1-score": 0.9835250904769621,
      "support": 18292.0
    },
    "1": {
      "precision": 0.933649289099526,
      "recall": 0.6920374707259953,
      "f1-score": 0.7948890383322125,
      "support": 1708.0
    },
    "accuracy": 0.9695,
    "macro avg": {
      "precision": 0.9527859982382438,
      "recall": 0.8437226496424641,
      "f1-score": 0.8892070644045873,
      "support": 20000.0
    },
    "weighted avg": {
      "precision": 0.9686541574560686,
      "recall": 0.9695,
      "f1-score": 0.9674155716238005,
      "support": 20000.0
    }
  }
}