{
  "accuracy": 0.8452,
  "classification_report": {
    "0": {
      "precision": 0.9910806618407446,
      "recall": 0.8382899628252788,
      "f1-score": 0.908304703234214,
      "support": 18292.0
    },
    "1": {
      "precision": 0.3467314487632509,
      "recall": 0.9192037470725996,
      "f1-score": 0.5035279025016036,
      "support": 1708.0
    },
    "accuracy": 0.8452,
    "macro avg": {
      "precision": 0.6689060553019978,
      "recall": 0.8787468549489392,
      "f1-score": 0.7059163028679087,
      "support": 20000.0
    },
    "weighted avg": {
      "precision": 0.9360532390439267,
      "recall": 0.8452,
      "f1-score": 0.873736764451649,
      "support": 20000.0
    }
  }
}