{
  "accuracy": 0.8797,
  "classification_report": {
    "0": {
      "precision": 0.9913398490659409,
      "recall": 0.876120708506451,
      "f1-score": 0.9301758662719832,
      "support": 18292.0
    },
    "1": {
      "precision": 0.40897235263432447,
      "recall": 0.9180327868852459,
      "f1-score": 0.5658607001082642,
      "support": 1708.0
    },
    "accuracy": 0.8797,
    "macro avg": {
      "precision": 0.7001561008501327,
      "recall": 0.8970767476958484,
      "f1-score": 0.7480182831901236,
      "support": 20000.0
    },
    "weighted avg": {
      "precision": 0.9416056648706808,
      "recall": 0.8797,
      "f1-score": 0.8990633510816015,
      "support": 20000.0
    }
  }
}