{
  "accuracy": 0.93845,
  "classification_report": {
    "0": {
      "precision": 0.9622324573286373,
      "recall": 0.9708069101246447,
      "f1-score": 0.9665006667210929,
      "support": 18292.0
    },
    "1": {
      "precision": 0.654368932038835,
      "recall": 0.59192037470726,
      "f1-score": 0.621580079926222,
      "support": 1708.0
    },
    "accuracy": 0.93845,
    "macro avg": {
      "precision": 0.8083006946837361,
      "recall": 0.7813636424159524,
      "f1-score": 0.7940403733236574,
      "support": 20000.0
    },
    "weighted avg": {
      "precision": 0.9359409122688881,
      "recall": 0.93845,
      "f1-score": 0.9370444486088111,
      "support": 20000.0
    }
  }
}