{
  "accuracy": 0.9038461538461539,
  "classification_report": {
    "0": {
      "precision": 0.7674418604651163,
      "recall": 1.0,
      "f1-score": 0.868421052631579,
      "support": 33.0
    },
    "1": {
      "precision": 1.0,
      "recall": 0.8591549295774648,
      "f1-score": 0.9242424242424242,
      "support": 71.0
    },
    "accuracy": 0.9038461538461539,
    "macro avg": {
      "precision": 0.8837209302325582,
      "recall": 0.9295774647887324,
      "f1-score": 0.8963317384370015,
      "support": 104.0
    },
    "weighted avg": {
      "precision": 0.9262075134168157,
      "recall": 0.9038461538461539,
      "f1-score": 0.9065298736351368,
      "support": 104.0
    }
  }
}