{
  "accuracy": 0.9230769230769231,
  "classification_report": {
    "0": {
      "precision": 0.9032258064516129,
      "recall": 0.8484848484848485,
      "f1-score": 0.875,
      "support": 33.0
    },
    "1": {
      "precision": 0.9315068493150684,
      "recall": 0.9577464788732394,
      "f1-score": 0.9444444444444444,
      "support": 71.0
    },
    "accuracy": 0.9230769230769231,
    "macro avg": {
      "precision": 0.9173663278833406,
      "recall": 0.903115663679044,
      "f1-score": 0.9097222222222222,
      "support": 104.0
    },
    "weighted avg": {
      "precision": 0.9225330568680105,
      "recall": 0.9230769230769231,
      "f1-score": 0.922409188034188,
      "support": 104.0
    }
  }
}