{
  "accuracy": 0.9615384615384616,
  "classification_report": {
    "0": {
      "precision": 0.9393939393939394,
      "recall": 0.9393939393939394,
      "f1-score": 0.9393939393939394,
      "support": 33.0
    },
    "1": {
      "precision": 0.971830985915493,
      "recall": 0.971830985915493,
      "f1-score": 0.971830985915493,
      "support": 71.0
    },
    "accuracy": 0.9615384615384616,
    "macro avg": {
      "precision": 0.9556124626547162,
      "recall": 0.9556124626547162,
      "f1-score": 0.9556124626547162,
      "support": 104.0
    },
    "weighted avg": {
      "precision": 0.9615384615384616,
      "recall": 0.9615384615384616,
      "f1-score": 0.9615384615384616,
      "support": 104.0
    }
  }
}